/media/sunsys-stash/datasets/cs230/original_video_anomaly_dataset_images_3_9_5_1e2_01_adam_64_100/Abuse014_x264_11.jpg,320x240
/media/sunsys-stash/datasets/cs230/original_video_anomaly_dataset_images_3_9_5_1e2_01_adam_64_100/Abuse014_x264_17.jpg,320x240
/media/sunsys-stash/datasets/cs230/original_video_anomaly_dataset_images_3_9_5_1e2_01_adam_64_100/Abuse014_x264_20.jpg,320x240
/media/sunsys-stash/datasets/cs230/original_video_anomaly_dataset_images_3_9_5_1e2_01_adam_64_100/Abuse014_x264_21.jpg,320x240
/media/sunsys-stash/datasets/cs230/original_video_anomaly_dataset_images_3_9_5_1e2_01_adam_64_100/Abuse014_x264_24.jpg,320x240
/media/sunsys-stash/datasets/cs230/original_video_anomaly_dataset_images_3_9_5_1e2_01_adam_64_100/Abuse014_x264_26.jpg,320x240
/media/sunsys-stash/datasets/cs230/original_video_anomaly_dataset_images_3_9_5_1e2_01_adam_64_100/Abuse014_x264_27.jpg,320x240
/media/sunsys-stash/datasets/cs230/original_video_anomaly_dataset_images_3_9_5_1e2_01_adam_64_100/Abuse014_x264_28.jpg,320x240
/media/sunsys-stash/datasets/cs230/original_video_anomaly_dataset_images_3_9_5_1e2_01_adam_64_100/Abuse014_x264_30.jpg,320x240
/media/sunsys-stash/datasets/cs230/original_video_anomaly_dataset_images_3_9_5_1e2_01_adam_64_100/Abuse014_x264_36.jpg,320x240
/media/sunsys-stash/datasets/cs230/original_video_anomaly_dataset_images_3_9_5_1e2_01_adam_64_100/Abuse014_x264_37.jpg,320x240
/media/sunsys-stash/datasets/cs230/original_video_anomaly_dataset_images_3_9_5_1e2_01_adam_64_100/Abuse014_x264_38.jpg,320x240
/media/sunsys-stash/datasets/cs230/original_video_anomaly_dataset_images_3_9_5_1e2_01_adam_64_100/Abuse014_x264_4.jpg,320x240
/media/sunsys-stash/datasets/cs230/original_video_anomaly_dataset_images_3_9_5_1e2_01_adam_64_100/Abuse014_x264_41.jpg,320x240
/media/sunsys-stash/datasets/cs230/original_video_anomaly_dataset_images_3_9_5_1e2_01_adam_64_100/Abuse014_x264_50.jpg,320x240
/media/sunsys-stash/datasets/cs230/original_video_anomaly_dataset_images_3_9_5_1e2_01_adam_64_100/Abuse014_x264_53.jpg,320x240
/media/sunsys-stash/datasets/cs230/original_video_anomaly_dataset_images_3_9_5_1e2_01_adam_64_100/Abuse014_x264_54.jpg,320x240
/media/sunsys-stash/datasets/cs230/original_video_anomaly_dataset_images_3_9_5_1e2_01_adam_64_100/Abuse014_x264_55.jpg,320x240
/media/sunsys-stash/datasets/cs230/original_video_anomaly_dataset_images_3_9_5_1e2_01_adam_64_100/Abuse014_x264_57.jpg,320x240
/media/sunsys-stash/datasets/cs230/original_video_anomaly_dataset_images_3_9_5_1e2_01_adam_64_100/Abuse014_x264_58.jpg,320x240
/media/sunsys-stash/datasets/cs230/original_video_anomaly_dataset_images_3_9_5_1e2_01_adam_64_100/Abuse014_x264_6.jpg,320x240
/media/sunsys-stash/datasets/cs230/original_video_anomaly_dataset_images_3_9_5_1e2_01_adam_64_100/Abuse014_x264_74.jpg,320x240
/media/sunsys-stash/datasets/cs230/original_video_anomaly_dataset_images_3_9_5_1e2_01_adam_64_100/Abuse014_x264_81.jpg,320x240
/media/sunsys-stash/datasets/cs230/original_video_anomaly_dataset_images_3_9_5_1e2_01_adam_64_100/Abuse014_x264_86.jpg,320x240
/media/sunsys-stash/datasets/cs230/original_video_anomaly_dataset_images_3_9_5_1e2_01_adam_64_100/Abuse014_x264_9.jpg,320x240
/media/sunsys-stash/datasets/cs230/original_video_anomaly_dataset_images_3_9_5_1e2_01_adam_64_100/Abuse026_x264_1.jpg,320x240
/media/sunsys-stash/datasets/cs230/original_video_anomaly_dataset_images_3_9_5_1e2_01_adam_64_100/Abuse026_x264_10.jpg,320x240
/media/sunsys-stash/datasets/cs230/original_video_anomaly_dataset_images_3_9_5_1e2_01_adam_64_100/Abuse026_x264_15.jpg,320x240
/media/sunsys-stash/datasets/cs230/original_video_anomaly_dataset_images_3_9_5_1e2_01_adam_64_100/Abuse026_x264_19.jpg,320x240
/media/sunsys-stash/datasets/cs230/original_video_anomaly_dataset_images_3_9_5_1e2_01_adam_64_100/Abuse026_x264_23.jpg,320x240
/media/sunsys-stash/datasets/cs230/original_video_anomaly_dataset_images_3_9_5_1e2_01_adam_64_100/Abuse026_x264_24.jpg,320x240
/media/sunsys-stash/datasets/cs230/original_video_anomaly_dataset_images_3_9_5_1e2_01_adam_64_100/Abuse026_x264_25.jpg,320x240
/media/sunsys-stash/datasets/cs230/original_video_anomaly_dataset_images_3_9_5_1e2_01_adam_64_100/Abuse026_x264_26.jpg,320x240
/media/sunsys-stash/datasets/cs230/original_video_anomaly_dataset_images_3_9_5_1e2_01_adam_64_100/Abuse026_x264_27.jpg,320x240
/media/sunsys-stash/datasets/cs230/original_video_anomaly_dataset_images_3_9_5_1e2_01_adam_64_100/Abuse026_x264_29.jpg,320x240
/media/sunsys-stash/datasets/cs230/original_video_anomaly_dataset_images_3_9_5_1e2_01_adam_64_100/Abuse026_x264_3.jpg,320x240
/media/sunsys-stash/datasets/cs230/original_video_anomaly_dataset_images_3_9_5_1e2_01_adam_64_100/Abuse026_x264_32.jpg,320x240
/media/sunsys-stash/datasets/cs230/original_video_anomaly_dataset_images_3_9_5_1e2_01_adam_64_100/Abuse026_x264_33.jpg,320x240
/media/sunsys-stash/datasets/cs230/original_video_anomaly_dataset_images_3_9_5_1e2_01_adam_64_100/Abuse026_x264_35.jpg,320x240
/media/sunsys-stash/datasets/cs230/original_video_anomaly_dataset_images_3_9_5_1e2_01_adam_64_100/Abuse026_x264_36.jpg,320x240
/media/sunsys-stash/datasets/cs230/original_video_anomaly_dataset_images_3_9_5_1e2_01_adam_64_100/Abuse026_x264_38.jpg,320x240
/media/sunsys-stash/datasets/cs230/original_video_anomaly_dataset_images_3_9_5_1e2_01_adam_64_100/Abuse026_x264_42.jpg,320x240
/media/sunsys-stash/datasets/cs230/original_video_anomaly_dataset_images_3_9_5_1e2_01_adam_64_100/Abuse026_x264_45.jpg,320x240
/media/sunsys-stash/datasets/cs230/original_video_anomaly_dataset_images_3_9_5_1e2_01_adam_64_100/Abuse026_x264_46.jpg,320x240
/media/sunsys-stash/datasets/cs230/original_video_anomaly_dataset_images_3_9_5_1e2_01_adam_64_100/Abuse026_x264_51.jpg,320x240
/media/sunsys-stash/datasets/cs230/original_video_anomaly_dataset_images_3_9_5_1e2_01_adam_64_100/Abuse026_x264_53.jpg,320x240
/media/sunsys-stash/datasets/cs230/original_video_anomaly_dataset_images_3_9_5_1e2_01_adam_64_100/Abuse026_x264_54.jpg,320x240
/media/sunsys-stash/datasets/cs230/original_video_anomaly_dataset_images_3_9_5_1e2_01_adam_64_100/Abuse026_x264_8.jpg,320x240
/media/sunsys-stash/datasets/cs230/original_video_anomaly_dataset_images_3_9_5_1e2_01_adam_64_100/Abuse026_x264_9.jpg,320x240
/media/sunsys-stash/datasets/cs230/original_video_anomaly_dataset_images_3_9_5_1e2_01_adam_64_100/Abuse048_x264_102.jpg,320x240
/media/sunsys-stash/datasets/cs230/original_video_anomaly_dataset_images_3_9_5_1e2_01_adam_64_100/Abuse048_x264_110.jpg,320x240
/media/sunsys-stash/datasets/cs230/original_video_anomaly_dataset_images_3_9_5_1e2_01_adam_64_100/Abuse048_x264_12.jpg,320x240
/media/sunsys-stash/datasets/cs230/original_video_anomaly_dataset_images_3_9_5_1e2_01_adam_64_100/Abuse048_x264_17.jpg,320x240
/media/sunsys-stash/datasets/cs230/original_video_anomaly_dataset_images_3_9_5_1e2_01_adam_64_100/Abuse048_x264_19.jpg,320x240
/media/sunsys-stash/datasets/cs230/original_video_anomaly_dataset_images_3_9_5_1e2_01_adam_64_100/Abuse048_x264_20.jpg,320x240
/media/sunsys-stash/datasets/cs230/original_video_anomaly_dataset_images_3_9_5_1e2_01_adam_64_100/Abuse048_x264_3.jpg,320x240
/media/sunsys-stash/datasets/cs230/original_video_anomaly_dataset_images_3_9_5_1e2_01_adam_64_100/Abuse048_x264_32.jpg,320x240
/media/sunsys-stash/datasets/cs230/original_video_anomaly_dataset_images_3_9_5_1e2_01_adam_64_100/Abuse048_x264_33.jpg,320x240
/media/sunsys-stash/datasets/cs230/original_video_anomaly_dataset_images_3_9_5_1e2_01_adam_64_100/Abuse048_x264_37.jpg,320x240
/media/sunsys-stash/datasets/cs230/original_video_anomaly_dataset_images_3_9_5_1e2_01_adam_64_100/Abuse048_x264_38.jpg,320x240
/media/sunsys-stash/datasets/cs230/original_video_anomaly_dataset_images_3_9_5_1e2_01_adam_64_100/Abuse048_x264_39.jpg,320x240
/media/sunsys-stash/datasets/cs230/original_video_anomaly_dataset_images_3_9_5_1e2_01_adam_64_100/Abuse048_x264_4.jpg,320x240
/media/sunsys-stash/datasets/cs230/original_video_anomaly_dataset_images_3_9_5_1e2_01_adam_64_100/Abuse048_x264_40.jpg,320x240
/media/sunsys-stash/datasets/cs230/original_video_anomaly_dataset_images_3_9_5_1e2_01_adam_64_100/Abuse048_x264_41.jpg,320x240
/media/sunsys-stash/datasets/cs230/original_video_anomaly_dataset_images_3_9_5_1e2_01_adam_64_100/Abuse048_x264_43.jpg,320x240
/media/sunsys-stash/datasets/cs230/original_video_anomaly_dataset_images_3_9_5_1e2_01_adam_64_100/Abuse048_x264_47.jpg,320x240
/media/sunsys-stash/datasets/cs230/original_video_anomaly_dataset_images_3_9_5_1e2_01_adam_64_100/Abuse048_x264_5.jpg,320x240
/media/sunsys-stash/datasets/cs230/original_video_anomaly_dataset_images_3_9_5_1e2_01_adam_64_100/Abuse048_x264_51.jpg,320x240
/media/sunsys-stash/datasets/cs230/original_video_anomaly_dataset_images_3_9_5_1e2_01_adam_64_100/Abuse048_x264_54.jpg,320x240
/media/sunsys-stash/datasets/cs230/original_video_anomaly_dataset_images_3_9_5_1e2_01_adam_64_100/Abuse048_x264_56.jpg,320x240
/media/sunsys-stash/datasets/cs230/original_video_anomaly_dataset_images_3_9_5_1e2_01_adam_64_100/Abuse048_x264_61.jpg,320x240
/media/sunsys-stash/datasets/cs230/original_video_anomaly_dataset_images_3_9_5_1e2_01_adam_64_100/Abuse048_x264_64.jpg,320x240
/media/sunsys-stash/datasets/cs230/original_video_anomaly_dataset_images_3_9_5_1e2_01_adam_64_100/Abuse048_x264_68.jpg,320x240
/media/sunsys-stash/datasets/cs230/original_video_anomaly_dataset_images_3_9_5_1e2_01_adam_64_100/Abuse048_x264_74.jpg,320x240
/media/sunsys-stash/datasets/cs230/original_video_anomaly_dataset_images_3_9_5_1e2_01_adam_64_100/Abuse048_x264_76.jpg,320x240
/media/sunsys-stash/datasets/cs230/original_video_anomaly_dataset_images_3_9_5_1e2_01_adam_64_100/Abuse048_x264_78.jpg,320x240
/media/sunsys-stash/datasets/cs230/original_video_anomaly_dataset_images_3_9_5_1e2_01_adam_64_100/Abuse048_x264_8.jpg,320x240
/media/sunsys-stash/datasets/cs230/original_video_anomaly_dataset_images_3_9_5_1e2_01_adam_64_100/Abuse048_x264_83.jpg,320x240
/media/sunsys-stash/datasets/cs230/original_video_anomaly_dataset_images_3_9_5_1e2_01_adam_64_100/Abuse048_x264_85.jpg,320x240
/media/sunsys-stash/datasets/cs230/original_video_anomaly_dataset_images_3_9_5_1e2_01_adam_64_100/Abuse048_x264_86.jpg,320x240
/media/sunsys-stash/datasets/cs230/original_video_anomaly_dataset_images_3_9_5_1e2_01_adam_64_100/Abuse048_x264_9.jpg,320x240
/media/sunsys-stash/datasets/cs230/original_video_anomaly_dataset_images_3_9_5_1e2_01_adam_64_100/Abuse048_x264_91.jpg,320x240
/media/sunsys-stash/datasets/cs230/original_video_anomaly_dataset_images_3_9_5_1e2_01_adam_64_100/Abuse048_x264_93.jpg,320x240
/media/sunsys-stash/datasets/cs230/original_video_anomaly_dataset_images_3_9_5_1e2_01_adam_64_100/Abuse048_x264_94.jpg,320x240
/media/sunsys-stash/datasets/cs230/original_video_anomaly_dataset_images_3_9_5_1e2_01_adam_64_100/Abuse048_x264_98.jpg,320x240
/media/sunsys-stash/datasets/cs230/original_video_anomaly_dataset_images_3_9_5_1e2_01_adam_64_100/Fighting002_x264_11.jpg,320x240
/media/sunsys-stash/datasets/cs230/original_video_anomaly_dataset_images_3_9_5_1e2_01_adam_64_100/Fighting002_x264_15.jpg,320x240
/media/sunsys-stash/datasets/cs230/original_video_anomaly_dataset_images_3_9_5_1e2_01_adam_64_100/Fighting002_x264_18.jpg,320x240
/media/sunsys-stash/datasets/cs230/original_video_anomaly_dataset_images_3_9_5_1e2_01_adam_64_100/Fighting002_x264_2.jpg,320x240
/media/sunsys-stash/datasets/cs230/original_video_anomaly_dataset_images_3_9_5_1e2_01_adam_64_100/Fighting002_x264_21.jpg,320x240
/media/sunsys-stash/datasets/cs230/original_video_anomaly_dataset_images_3_9_5_1e2_01_adam_64_100/Fighting002_x264_25.jpg,320x240
/media/sunsys-stash/datasets/cs230/original_video_anomaly_dataset_images_3_9_5_1e2_01_adam_64_100/Fighting002_x264_26.jpg,320x240
/media/sunsys-stash/datasets/cs230/original_video_anomaly_dataset_images_3_9_5_1e2_01_adam_64_100/Fighting002_x264_29.jpg,320x240
/media/sunsys-stash/datasets/cs230/original_video_anomaly_dataset_images_3_9_5_1e2_01_adam_64_100/Fighting002_x264_3.jpg,320x240
/media/sunsys-stash/datasets/cs230/original_video_anomaly_dataset_images_3_9_5_1e2_01_adam_64_100/Fighting002_x264_35.jpg,320x240
/media/sunsys-stash/datasets/cs230/original_video_anomaly_dataset_images_3_9_5_1e2_01_adam_64_100/Fighting002_x264_36.jpg,320x240
/media/sunsys-stash/datasets/cs230/original_video_anomaly_dataset_images_3_9_5_1e2_01_adam_64_100/Fighting002_x264_38.jpg,320x240
/media/sunsys-stash/datasets/cs230/original_video_anomaly_dataset_images_3_9_5_1e2_01_adam_64_100/Fighting002_x264_45.jpg,320x240
/media/sunsys-stash/datasets/cs230/original_video_anomaly_dataset_images_3_9_5_1e2_01_adam_64_100/Fighting002_x264_47.jpg,320x240
/media/sunsys-stash/datasets/cs230/original_video_anomaly_dataset_images_3_9_5_1e2_01_adam_64_100/Fighting002_x264_67.jpg,320x240
/media/sunsys-stash/datasets/cs230/original_video_anomaly_dataset_images_3_9_5_1e2_01_adam_64_100/Fighting002_x264_69.jpg,320x240
/media/sunsys-stash/datasets/cs230/original_video_anomaly_dataset_images_3_9_5_1e2_01_adam_64_100/Fighting002_x264_70.jpg,320x240
/media/sunsys-stash/datasets/cs230/original_video_anomaly_dataset_images_3_9_5_1e2_01_adam_64_100/Fighting002_x264_71.jpg,320x240
/media/sunsys-stash/datasets/cs230/original_video_anomaly_dataset_images_3_9_5_1e2_01_adam_64_100/Fighting002_x264_72.jpg,320x240
/media/sunsys-stash/datasets/cs230/original_video_anomaly_dataset_images_3_9_5_1e2_01_adam_64_100/Fighting002_x264_74.jpg,320x240
/media/sunsys-stash/datasets/cs230/original_video_anomaly_dataset_images_3_9_5_1e2_01_adam_64_100/Fighting002_x264_79.jpg,320x240
/media/sunsys-stash/datasets/cs230/original_video_anomaly_dataset_images_3_9_5_1e2_01_adam_64_100/Fighting002_x264_83.jpg,320x240
/media/sunsys-stash/datasets/cs230/original_video_anomaly_dataset_images_3_9_5_1e2_01_adam_64_100/Fighting002_x264_9.jpg,320x240
/media/sunsys-stash/datasets/cs230/original_video_anomaly_dataset_images_3_9_5_1e2_01_adam_64_100/Fighting008_x264_1.jpg,320x240
/media/sunsys-stash/datasets/cs230/original_video_anomaly_dataset_images_3_9_5_1e2_01_adam_64_100/Fighting008_x264_10.jpg,320x240
/media/sunsys-stash/datasets/cs230/original_video_anomaly_dataset_images_3_9_5_1e2_01_adam_64_100/Fighting008_x264_100.jpg,320x240
/media/sunsys-stash/datasets/cs230/original_video_anomaly_dataset_images_3_9_5_1e2_01_adam_64_100/Fighting008_x264_101.jpg,320x240
/media/sunsys-stash/datasets/cs230/original_video_anomaly_dataset_images_3_9_5_1e2_01_adam_64_100/Fighting008_x264_103.jpg,320x240
/media/sunsys-stash/datasets/cs230/original_video_anomaly_dataset_images_3_9_5_1e2_01_adam_64_100/Fighting008_x264_106.jpg,320x240
/media/sunsys-stash/datasets/cs230/original_video_anomaly_dataset_images_3_9_5_1e2_01_adam_64_100/Fighting008_x264_107.jpg,320x240
/media/sunsys-stash/datasets/cs230/original_video_anomaly_dataset_images_3_9_5_1e2_01_adam_64_100/Fighting008_x264_109.jpg,320x240
/media/sunsys-stash/datasets/cs230/original_video_anomaly_dataset_images_3_9_5_1e2_01_adam_64_100/Fighting008_x264_113.jpg,320x240
/media/sunsys-stash/datasets/cs230/original_video_anomaly_dataset_images_3_9_5_1e2_01_adam_64_100/Fighting008_x264_114.jpg,320x240
/media/sunsys-stash/datasets/cs230/original_video_anomaly_dataset_images_3_9_5_1e2_01_adam_64_100/Fighting008_x264_116.jpg,320x240
/media/sunsys-stash/datasets/cs230/original_video_anomaly_dataset_images_3_9_5_1e2_01_adam_64_100/Fighting008_x264_117.jpg,320x240
/media/sunsys-stash/datasets/cs230/original_video_anomaly_dataset_images_3_9_5_1e2_01_adam_64_100/Fighting008_x264_120.jpg,320x240
/media/sunsys-stash/datasets/cs230/original_video_anomaly_dataset_images_3_9_5_1e2_01_adam_64_100/Fighting008_x264_121.jpg,320x240
/media/sunsys-stash/datasets/cs230/original_video_anomaly_dataset_images_3_9_5_1e2_01_adam_64_100/Fighting008_x264_123.jpg,320x240
/media/sunsys-stash/datasets/cs230/original_video_anomaly_dataset_images_3_9_5_1e2_01_adam_64_100/Fighting008_x264_126.jpg,320x240
/media/sunsys-stash/datasets/cs230/original_video_anomaly_dataset_images_3_9_5_1e2_01_adam_64_100/Fighting008_x264_129.jpg,320x240
/media/sunsys-stash/datasets/cs230/original_video_anomaly_dataset_images_3_9_5_1e2_01_adam_64_100/Fighting008_x264_131.jpg,320x240
/media/sunsys-stash/datasets/cs230/original_video_anomaly_dataset_images_3_9_5_1e2_01_adam_64_100/Fighting008_x264_135.jpg,320x240
/media/sunsys-stash/datasets/cs230/original_video_anomaly_dataset_images_3_9_5_1e2_01_adam_64_100/Fighting008_x264_139.jpg,320x240
/media/sunsys-stash/datasets/cs230/original_video_anomaly_dataset_images_3_9_5_1e2_01_adam_64_100/Fighting008_x264_14.jpg,320x240
/media/sunsys-stash/datasets/cs230/original_video_anomaly_dataset_images_3_9_5_1e2_01_adam_64_100/Fighting008_x264_142.jpg,320x240
/media/sunsys-stash/datasets/cs230/original_video_anomaly_dataset_images_3_9_5_1e2_01_adam_64_100/Fighting008_x264_145.jpg,320x240
/media/sunsys-stash/datasets/cs230/original_video_anomaly_dataset_images_3_9_5_1e2_01_adam_64_100/Fighting008_x264_149.jpg,320x240
/media/sunsys-stash/datasets/cs230/original_video_anomaly_dataset_images_3_9_5_1e2_01_adam_64_100/Fighting008_x264_150.jpg,320x240
/media/sunsys-stash/datasets/cs230/original_video_anomaly_dataset_images_3_9_5_1e2_01_adam_64_100/Fighting008_x264_151.jpg,320x240
/media/sunsys-stash/datasets/cs230/original_video_anomaly_dataset_images_3_9_5_1e2_01_adam_64_100/Fighting008_x264_154.jpg,320x240
/media/sunsys-stash/datasets/cs230/original_video_anomaly_dataset_images_3_9_5_1e2_01_adam_64_100/Fighting008_x264_16.jpg,320x240
/media/sunsys-stash/datasets/cs230/original_video_anomaly_dataset_images_3_9_5_1e2_01_adam_64_100/Fighting008_x264_161.jpg,320x240
/media/sunsys-stash/datasets/cs230/original_video_anomaly_dataset_images_3_9_5_1e2_01_adam_64_100/Fighting008_x264_167.jpg,320x240
/media/sunsys-stash/datasets/cs230/original_video_anomaly_dataset_images_3_9_5_1e2_01_adam_64_100/Fighting008_x264_169.jpg,320x240
/media/sunsys-stash/datasets/cs230/original_video_anomaly_dataset_images_3_9_5_1e2_01_adam_64_100/Fighting008_x264_175.jpg,320x240
/media/sunsys-stash/datasets/cs230/original_video_anomaly_dataset_images_3_9_5_1e2_01_adam_64_100/Fighting008_x264_178.jpg,320x240
/media/sunsys-stash/datasets/cs230/original_video_anomaly_dataset_images_3_9_5_1e2_01_adam_64_100/Fighting008_x264_181.jpg,320x240
/media/sunsys-stash/datasets/cs230/original_video_anomaly_dataset_images_3_9_5_1e2_01_adam_64_100/Fighting008_x264_182.jpg,320x240
/media/sunsys-stash/datasets/cs230/original_video_anomaly_dataset_images_3_9_5_1e2_01_adam_64_100/Fighting008_x264_191.jpg,320x240
/media/sunsys-stash/datasets/cs230/original_video_anomaly_dataset_images_3_9_5_1e2_01_adam_64_100/Fighting008_x264_196.jpg,320x240
/media/sunsys-stash/datasets/cs230/original_video_anomaly_dataset_images_3_9_5_1e2_01_adam_64_100/Fighting008_x264_197.jpg,320x240
/media/sunsys-stash/datasets/cs230/original_video_anomaly_dataset_images_3_9_5_1e2_01_adam_64_100/Fighting008_x264_2.jpg,320x240
/media/sunsys-stash/datasets/cs230/original_video_anomaly_dataset_images_3_9_5_1e2_01_adam_64_100/Fighting008_x264_212.jpg,320x240
/media/sunsys-stash/datasets/cs230/original_video_anomaly_dataset_images_3_9_5_1e2_01_adam_64_100/Fighting008_x264_214.jpg,320x240
/media/sunsys-stash/datasets/cs230/original_video_anomaly_dataset_images_3_9_5_1e2_01_adam_64_100/Fighting008_x264_219.jpg,320x240
/media/sunsys-stash/datasets/cs230/original_video_anomaly_dataset_images_3_9_5_1e2_01_adam_64_100/Fighting008_x264_221.jpg,320x240
/media/sunsys-stash/datasets/cs230/original_video_anomaly_dataset_images_3_9_5_1e2_01_adam_64_100/Fighting008_x264_223.jpg,320x240
/media/sunsys-stash/datasets/cs230/original_video_anomaly_dataset_images_3_9_5_1e2_01_adam_64_100/Fighting008_x264_23.jpg,320x240
/media/sunsys-stash/datasets/cs230/original_video_anomaly_dataset_images_3_9_5_1e2_01_adam_64_100/Fighting008_x264_231.jpg,320x240
/media/sunsys-stash/datasets/cs230/original_video_anomaly_dataset_images_3_9_5_1e2_01_adam_64_100/Fighting008_x264_232.jpg,320x240
/media/sunsys-stash/datasets/cs230/original_video_anomaly_dataset_images_3_9_5_1e2_01_adam_64_100/Fighting008_x264_238.jpg,320x240
/media/sunsys-stash/datasets/cs230/original_video_anomaly_dataset_images_3_9_5_1e2_01_adam_64_100/Fighting008_x264_24.jpg,320x240
/media/sunsys-stash/datasets/cs230/original_video_anomaly_dataset_images_3_9_5_1e2_01_adam_64_100/Fighting008_x264_243.jpg,320x240
/media/sunsys-stash/datasets/cs230/original_video_anomaly_dataset_images_3_9_5_1e2_01_adam_64_100/Fighting008_x264_244.jpg,320x240
/media/sunsys-stash/datasets/cs230/original_video_anomaly_dataset_images_3_9_5_1e2_01_adam_64_100/Fighting008_x264_245.jpg,320x240
/media/sunsys-stash/datasets/cs230/original_video_anomaly_dataset_images_3_9_5_1e2_01_adam_64_100/Fighting008_x264_246.jpg,320x240
/media/sunsys-stash/datasets/cs230/original_video_anomaly_dataset_images_3_9_5_1e2_01_adam_64_100/Fighting008_x264_248.jpg,320x240
/media/sunsys-stash/datasets/cs230/original_video_anomaly_dataset_images_3_9_5_1e2_01_adam_64_100/Fighting008_x264_249.jpg,320x240
/media/sunsys-stash/datasets/cs230/original_video_anomaly_dataset_images_3_9_5_1e2_01_adam_64_100/Fighting008_x264_253.jpg,320x240
/media/sunsys-stash/datasets/cs230/original_video_anomaly_dataset_images_3_9_5_1e2_01_adam_64_100/Fighting008_x264_256.jpg,320x240
/media/sunsys-stash/datasets/cs230/original_video_anomaly_dataset_images_3_9_5_1e2_01_adam_64_100/Fighting008_x264_259.jpg,320x240
/media/sunsys-stash/datasets/cs230/original_video_anomaly_dataset_images_3_9_5_1e2_01_adam_64_100/Fighting008_x264_261.jpg,320x240
/media/sunsys-stash/datasets/cs230/original_video_anomaly_dataset_images_3_9_5_1e2_01_adam_64_100/Fighting008_x264_271.jpg,320x240
/media/sunsys-stash/datasets/cs230/original_video_anomaly_dataset_images_3_9_5_1e2_01_adam_64_100/Fighting008_x264_275.jpg,320x240
/media/sunsys-stash/datasets/cs230/original_video_anomaly_dataset_images_3_9_5_1e2_01_adam_64_100/Fighting008_x264_276.jpg,320x240
/media/sunsys-stash/datasets/cs230/original_video_anomaly_dataset_images_3_9_5_1e2_01_adam_64_100/Fighting008_x264_277.jpg,320x240
/media/sunsys-stash/datasets/cs230/original_video_anomaly_dataset_images_3_9_5_1e2_01_adam_64_100/Fighting008_x264_278.jpg,320x240
/media/sunsys-stash/datasets/cs230/original_video_anomaly_dataset_images_3_9_5_1e2_01_adam_64_100/Fighting008_x264_279.jpg,320x240
/media/sunsys-stash/datasets/cs230/original_video_anomaly_dataset_images_3_9_5_1e2_01_adam_64_100/Fighting008_x264_28.jpg,320x240
/media/sunsys-stash/datasets/cs230/original_video_anomaly_dataset_images_3_9_5_1e2_01_adam_64_100/Fighting008_x264_287.jpg,320x240
/media/sunsys-stash/datasets/cs230/original_video_anomaly_dataset_images_3_9_5_1e2_01_adam_64_100/Fighting008_x264_292.jpg,320x240
/media/sunsys-stash/datasets/cs230/original_video_anomaly_dataset_images_3_9_5_1e2_01_adam_64_100/Fighting008_x264_302.jpg,320x240
/media/sunsys-stash/datasets/cs230/original_video_anomaly_dataset_images_3_9_5_1e2_01_adam_64_100/Fighting008_x264_305.jpg,320x240
/media/sunsys-stash/datasets/cs230/original_video_anomaly_dataset_images_3_9_5_1e2_01_adam_64_100/Fighting008_x264_31.jpg,320x240
/media/sunsys-stash/datasets/cs230/original_video_anomaly_dataset_images_3_9_5_1e2_01_adam_64_100/Fighting008_x264_313.jpg,320x240
/media/sunsys-stash/datasets/cs230/original_video_anomaly_dataset_images_3_9_5_1e2_01_adam_64_100/Fighting008_x264_315.jpg,320x240
/media/sunsys-stash/datasets/cs230/original_video_anomaly_dataset_images_3_9_5_1e2_01_adam_64_100/Fighting008_x264_316.jpg,320x240
/media/sunsys-stash/datasets/cs230/original_video_anomaly_dataset_images_3_9_5_1e2_01_adam_64_100/Fighting008_x264_317.jpg,320x240
/media/sunsys-stash/datasets/cs230/original_video_anomaly_dataset_images_3_9_5_1e2_01_adam_64_100/Fighting008_x264_320.jpg,320x240
/media/sunsys-stash/datasets/cs230/original_video_anomaly_dataset_images_3_9_5_1e2_01_adam_64_100/Fighting008_x264_328.jpg,320x240
/media/sunsys-stash/datasets/cs230/original_video_anomaly_dataset_images_3_9_5_1e2_01_adam_64_100/Fighting008_x264_329.jpg,320x240
/media/sunsys-stash/datasets/cs230/original_video_anomaly_dataset_images_3_9_5_1e2_01_adam_64_100/Fighting008_x264_33.jpg,320x240
/media/sunsys-stash/datasets/cs230/original_video_anomaly_dataset_images_3_9_5_1e2_01_adam_64_100/Fighting008_x264_337.jpg,320x240
/media/sunsys-stash/datasets/cs230/original_video_anomaly_dataset_images_3_9_5_1e2_01_adam_64_100/Fighting008_x264_338.jpg,320x240
/media/sunsys-stash/datasets/cs230/original_video_anomaly_dataset_images_3_9_5_1e2_01_adam_64_100/Fighting008_x264_34.jpg,320x240
/media/sunsys-stash/datasets/cs230/original_video_anomaly_dataset_images_3_9_5_1e2_01_adam_64_100/Fighting008_x264_341.jpg,320x240
/media/sunsys-stash/datasets/cs230/original_video_anomaly_dataset_images_3_9_5_1e2_01_adam_64_100/Fighting008_x264_342.jpg,320x240
/media/sunsys-stash/datasets/cs230/original_video_anomaly_dataset_images_3_9_5_1e2_01_adam_64_100/Fighting008_x264_344.jpg,320x240
/media/sunsys-stash/datasets/cs230/original_video_anomaly_dataset_images_3_9_5_1e2_01_adam_64_100/Fighting008_x264_349.jpg,320x240
/media/sunsys-stash/datasets/cs230/original_video_anomaly_dataset_images_3_9_5_1e2_01_adam_64_100/Fighting008_x264_351.jpg,320x240
/media/sunsys-stash/datasets/cs230/original_video_anomaly_dataset_images_3_9_5_1e2_01_adam_64_100/Fighting008_x264_353.jpg,320x240
/media/sunsys-stash/datasets/cs230/original_video_anomaly_dataset_images_3_9_5_1e2_01_adam_64_100/Fighting008_x264_359.jpg,320x240
/media/sunsys-stash/datasets/cs230/original_video_anomaly_dataset_images_3_9_5_1e2_01_adam_64_100/Fighting008_x264_372.jpg,320x240
/media/sunsys-stash/datasets/cs230/original_video_anomaly_dataset_images_3_9_5_1e2_01_adam_64_100/Fighting008_x264_373.jpg,320x240
/media/sunsys-stash/datasets/cs230/original_video_anomaly_dataset_images_3_9_5_1e2_01_adam_64_100/Fighting008_x264_374.jpg,320x240
/media/sunsys-stash/datasets/cs230/original_video_anomaly_dataset_images_3_9_5_1e2_01_adam_64_100/Fighting008_x264_376.jpg,320x240
/media/sunsys-stash/datasets/cs230/original_video_anomaly_dataset_images_3_9_5_1e2_01_adam_64_100/Fighting008_x264_379.jpg,320x240
/media/sunsys-stash/datasets/cs230/original_video_anomaly_dataset_images_3_9_5_1e2_01_adam_64_100/Fighting008_x264_380.jpg,320x240
/media/sunsys-stash/datasets/cs230/original_video_anomaly_dataset_images_3_9_5_1e2_01_adam_64_100/Fighting008_x264_383.jpg,320x240
/media/sunsys-stash/datasets/cs230/original_video_anomaly_dataset_images_3_9_5_1e2_01_adam_64_100/Fighting008_x264_391.jpg,320x240
/media/sunsys-stash/datasets/cs230/original_video_anomaly_dataset_images_3_9_5_1e2_01_adam_64_100/Fighting008_x264_394.jpg,320x240
/media/sunsys-stash/datasets/cs230/original_video_anomaly_dataset_images_3_9_5_1e2_01_adam_64_100/Fighting008_x264_40.jpg,320x240
/media/sunsys-stash/datasets/cs230/original_video_anomaly_dataset_images_3_9_5_1e2_01_adam_64_100/Fighting008_x264_401.jpg,320x240
/media/sunsys-stash/datasets/cs230/original_video_anomaly_dataset_images_3_9_5_1e2_01_adam_64_100/Fighting008_x264_403.jpg,320x240
/media/sunsys-stash/datasets/cs230/original_video_anomaly_dataset_images_3_9_5_1e2_01_adam_64_100/Fighting008_x264_404.jpg,320x240
/media/sunsys-stash/datasets/cs230/original_video_anomaly_dataset_images_3_9_5_1e2_01_adam_64_100/Fighting008_x264_405.jpg,320x240
/media/sunsys-stash/datasets/cs230/original_video_anomaly_dataset_images_3_9_5_1e2_01_adam_64_100/Fighting008_x264_406.jpg,320x240
/media/sunsys-stash/datasets/cs230/original_video_anomaly_dataset_images_3_9_5_1e2_01_adam_64_100/Fighting008_x264_408.jpg,320x240
/media/sunsys-stash/datasets/cs230/original_video_anomaly_dataset_images_3_9_5_1e2_01_adam_64_100/Fighting008_x264_409.jpg,320x240
/media/sunsys-stash/datasets/cs230/original_video_anomaly_dataset_images_3_9_5_1e2_01_adam_64_100/Fighting008_x264_418.jpg,320x240
/media/sunsys-stash/datasets/cs230/original_video_anomaly_dataset_images_3_9_5_1e2_01_adam_64_100/Fighting008_x264_42.jpg,320x240
/media/sunsys-stash/datasets/cs230/original_video_anomaly_dataset_images_3_9_5_1e2_01_adam_64_100/Fighting008_x264_420.jpg,320x240
/media/sunsys-stash/datasets/cs230/original_video_anomaly_dataset_images_3_9_5_1e2_01_adam_64_100/Fighting008_x264_422.jpg,320x240
/media/sunsys-stash/datasets/cs230/original_video_anomaly_dataset_images_3_9_5_1e2_01_adam_64_100/Fighting008_x264_423.jpg,320x240
/media/sunsys-stash/datasets/cs230/original_video_anomaly_dataset_images_3_9_5_1e2_01_adam_64_100/Fighting008_x264_43.jpg,320x240
/media/sunsys-stash/datasets/cs230/original_video_anomaly_dataset_images_3_9_5_1e2_01_adam_64_100/Fighting008_x264_433.jpg,320x240
/media/sunsys-stash/datasets/cs230/original_video_anomaly_dataset_images_3_9_5_1e2_01_adam_64_100/Fighting008_x264_437.jpg,320x240
/media/sunsys-stash/datasets/cs230/original_video_anomaly_dataset_images_3_9_5_1e2_01_adam_64_100/Fighting008_x264_44.jpg,320x240
/media/sunsys-stash/datasets/cs230/original_video_anomaly_dataset_images_3_9_5_1e2_01_adam_64_100/Fighting008_x264_46.jpg,320x240
/media/sunsys-stash/datasets/cs230/original_video_anomaly_dataset_images_3_9_5_1e2_01_adam_64_100/Fighting008_x264_48.jpg,320x240
/media/sunsys-stash/datasets/cs230/original_video_anomaly_dataset_images_3_9_5_1e2_01_adam_64_100/Fighting008_x264_49.jpg,320x240
/media/sunsys-stash/datasets/cs230/original_video_anomaly_dataset_images_3_9_5_1e2_01_adam_64_100/Fighting008_x264_54.jpg,320x240
/media/sunsys-stash/datasets/cs230/original_video_anomaly_dataset_images_3_9_5_1e2_01_adam_64_100/Fighting008_x264_62.jpg,320x240
/media/sunsys-stash/datasets/cs230/original_video_anomaly_dataset_images_3_9_5_1e2_01_adam_64_100/Fighting008_x264_72.jpg,320x240
/media/sunsys-stash/datasets/cs230/original_video_anomaly_dataset_images_3_9_5_1e2_01_adam_64_100/Fighting008_x264_74.jpg,320x240
/media/sunsys-stash/datasets/cs230/original_video_anomaly_dataset_images_3_9_5_1e2_01_adam_64_100/Fighting008_x264_76.jpg,320x240
/media/sunsys-stash/datasets/cs230/original_video_anomaly_dataset_images_3_9_5_1e2_01_adam_64_100/Fighting008_x264_79.jpg,320x240
/media/sunsys-stash/datasets/cs230/original_video_anomaly_dataset_images_3_9_5_1e2_01_adam_64_100/Fighting008_x264_80.jpg,320x240
/media/sunsys-stash/datasets/cs230/original_video_anomaly_dataset_images_3_9_5_1e2_01_adam_64_100/Fighting008_x264_81.jpg,320x240
/media/sunsys-stash/datasets/cs230/original_video_anomaly_dataset_images_3_9_5_1e2_01_adam_64_100/Fighting008_x264_9.jpg,320x240
/media/sunsys-stash/datasets/cs230/original_video_anomaly_dataset_images_3_9_5_1e2_01_adam_64_100/Fighting008_x264_90.jpg,320x240
/media/sunsys-stash/datasets/cs230/original_video_anomaly_dataset_images_3_9_5_1e2_01_adam_64_100/Fighting008_x264_93.jpg,320x240
/media/sunsys-stash/datasets/cs230/original_video_anomaly_dataset_images_3_9_5_1e2_01_adam_64_100/Fighting015_x264_101.jpg,320x240
/media/sunsys-stash/datasets/cs230/original_video_anomaly_dataset_images_3_9_5_1e2_01_adam_64_100/Fighting015_x264_102.jpg,320x240
/media/sunsys-stash/datasets/cs230/original_video_anomaly_dataset_images_3_9_5_1e2_01_adam_64_100/Fighting015_x264_105.jpg,320x240
/media/sunsys-stash/datasets/cs230/original_video_anomaly_dataset_images_3_9_5_1e2_01_adam_64_100/Fighting015_x264_109.jpg,320x240
/media/sunsys-stash/datasets/cs230/original_video_anomaly_dataset_images_3_9_5_1e2_01_adam_64_100/Fighting015_x264_11.jpg,320x240
/media/sunsys-stash/datasets/cs230/original_video_anomaly_dataset_images_3_9_5_1e2_01_adam_64_100/Fighting015_x264_116.jpg,320x240
/media/sunsys-stash/datasets/cs230/original_video_anomaly_dataset_images_3_9_5_1e2_01_adam_64_100/Fighting015_x264_121.jpg,320x240
/media/sunsys-stash/datasets/cs230/original_video_anomaly_dataset_images_3_9_5_1e2_01_adam_64_100/Fighting015_x264_124.jpg,320x240
/media/sunsys-stash/datasets/cs230/original_video_anomaly_dataset_images_3_9_5_1e2_01_adam_64_100/Fighting015_x264_125.jpg,320x240
/media/sunsys-stash/datasets/cs230/original_video_anomaly_dataset_images_3_9_5_1e2_01_adam_64_100/Fighting015_x264_128.jpg,320x240
/media/sunsys-stash/datasets/cs230/original_video_anomaly_dataset_images_3_9_5_1e2_01_adam_64_100/Fighting015_x264_129.jpg,320x240
/media/sunsys-stash/datasets/cs230/original_video_anomaly_dataset_images_3_9_5_1e2_01_adam_64_100/Fighting015_x264_135.jpg,320x240
/media/sunsys-stash/datasets/cs230/original_video_anomaly_dataset_images_3_9_5_1e2_01_adam_64_100/Fighting015_x264_136.jpg,320x240
/media/sunsys-stash/datasets/cs230/original_video_anomaly_dataset_images_3_9_5_1e2_01_adam_64_100/Fighting015_x264_138.jpg,320x240
/media/sunsys-stash/datasets/cs230/original_video_anomaly_dataset_images_3_9_5_1e2_01_adam_64_100/Fighting015_x264_14.jpg,320x240
/media/sunsys-stash/datasets/cs230/original_video_anomaly_dataset_images_3_9_5_1e2_01_adam_64_100/Fighting015_x264_140.jpg,320x240
/media/sunsys-stash/datasets/cs230/original_video_anomaly_dataset_images_3_9_5_1e2_01_adam_64_100/Fighting015_x264_141.jpg,320x240
/media/sunsys-stash/datasets/cs230/original_video_anomaly_dataset_images_3_9_5_1e2_01_adam_64_100/Fighting015_x264_143.jpg,320x240
/media/sunsys-stash/datasets/cs230/original_video_anomaly_dataset_images_3_9_5_1e2_01_adam_64_100/Fighting015_x264_144.jpg,320x240
/media/sunsys-stash/datasets/cs230/original_video_anomaly_dataset_images_3_9_5_1e2_01_adam_64_100/Fighting015_x264_146.jpg,320x240
/media/sunsys-stash/datasets/cs230/original_video_anomaly_dataset_images_3_9_5_1e2_01_adam_64_100/Fighting015_x264_152.jpg,320x240
/media/sunsys-stash/datasets/cs230/original_video_anomaly_dataset_images_3_9_5_1e2_01_adam_64_100/Fighting015_x264_153.jpg,320x240
/media/sunsys-stash/datasets/cs230/original_video_anomaly_dataset_images_3_9_5_1e2_01_adam_64_100/Fighting015_x264_156.jpg,320x240
/media/sunsys-stash/datasets/cs230/original_video_anomaly_dataset_images_3_9_5_1e2_01_adam_64_100/Fighting015_x264_159.jpg,320x240
/media/sunsys-stash/datasets/cs230/original_video_anomaly_dataset_images_3_9_5_1e2_01_adam_64_100/Fighting015_x264_161.jpg,320x240
/media/sunsys-stash/datasets/cs230/original_video_anomaly_dataset_images_3_9_5_1e2_01_adam_64_100/Fighting015_x264_164.jpg,320x240
/media/sunsys-stash/datasets/cs230/original_video_anomaly_dataset_images_3_9_5_1e2_01_adam_64_100/Fighting015_x264_165.jpg,320x240
/media/sunsys-stash/datasets/cs230/original_video_anomaly_dataset_images_3_9_5_1e2_01_adam_64_100/Fighting015_x264_17.jpg,320x240
/media/sunsys-stash/datasets/cs230/original_video_anomaly_dataset_images_3_9_5_1e2_01_adam_64_100/Fighting015_x264_174.jpg,320x240
/media/sunsys-stash/datasets/cs230/original_video_anomaly_dataset_images_3_9_5_1e2_01_adam_64_100/Fighting015_x264_177.jpg,320x240
/media/sunsys-stash/datasets/cs230/original_video_anomaly_dataset_images_3_9_5_1e2_01_adam_64_100/Fighting015_x264_178.jpg,320x240
/media/sunsys-stash/datasets/cs230/original_video_anomaly_dataset_images_3_9_5_1e2_01_adam_64_100/Fighting015_x264_180.jpg,320x240
/media/sunsys-stash/datasets/cs230/original_video_anomaly_dataset_images_3_9_5_1e2_01_adam_64_100/Fighting015_x264_181.jpg,320x240
/media/sunsys-stash/datasets/cs230/original_video_anomaly_dataset_images_3_9_5_1e2_01_adam_64_100/Fighting015_x264_186.jpg,320x240
/media/sunsys-stash/datasets/cs230/original_video_anomaly_dataset_images_3_9_5_1e2_01_adam_64_100/Fighting015_x264_192.jpg,320x240
/media/sunsys-stash/datasets/cs230/original_video_anomaly_dataset_images_3_9_5_1e2_01_adam_64_100/Fighting015_x264_198.jpg,320x240
/media/sunsys-stash/datasets/cs230/original_video_anomaly_dataset_images_3_9_5_1e2_01_adam_64_100/Fighting015_x264_203.jpg,320x240
/media/sunsys-stash/datasets/cs230/original_video_anomaly_dataset_images_3_9_5_1e2_01_adam_64_100/Fighting015_x264_204.jpg,320x240
/media/sunsys-stash/datasets/cs230/original_video_anomaly_dataset_images_3_9_5_1e2_01_adam_64_100/Fighting015_x264_205.jpg,320x240
/media/sunsys-stash/datasets/cs230/original_video_anomaly_dataset_images_3_9_5_1e2_01_adam_64_100/Fighting015_x264_206.jpg,320x240
/media/sunsys-stash/datasets/cs230/original_video_anomaly_dataset_images_3_9_5_1e2_01_adam_64_100/Fighting015_x264_208.jpg,320x240
/media/sunsys-stash/datasets/cs230/original_video_anomaly_dataset_images_3_9_5_1e2_01_adam_64_100/Fighting015_x264_213.jpg,320x240
/media/sunsys-stash/datasets/cs230/original_video_anomaly_dataset_images_3_9_5_1e2_01_adam_64_100/Fighting015_x264_214.jpg,320x240
/media/sunsys-stash/datasets/cs230/original_video_anomaly_dataset_images_3_9_5_1e2_01_adam_64_100/Fighting015_x264_22.jpg,320x240
/media/sunsys-stash/datasets/cs230/original_video_anomaly_dataset_images_3_9_5_1e2_01_adam_64_100/Fighting015_x264_226.jpg,320x240
/media/sunsys-stash/datasets/cs230/original_video_anomaly_dataset_images_3_9_5_1e2_01_adam_64_100/Fighting015_x264_228.jpg,320x240
/media/sunsys-stash/datasets/cs230/original_video_anomaly_dataset_images_3_9_5_1e2_01_adam_64_100/Fighting015_x264_233.jpg,320x240
/media/sunsys-stash/datasets/cs230/original_video_anomaly_dataset_images_3_9_5_1e2_01_adam_64_100/Fighting015_x264_234.jpg,320x240
/media/sunsys-stash/datasets/cs230/original_video_anomaly_dataset_images_3_9_5_1e2_01_adam_64_100/Fighting015_x264_237.jpg,320x240
/media/sunsys-stash/datasets/cs230/original_video_anomaly_dataset_images_3_9_5_1e2_01_adam_64_100/Fighting015_x264_238.jpg,320x240
/media/sunsys-stash/datasets/cs230/original_video_anomaly_dataset_images_3_9_5_1e2_01_adam_64_100/Fighting015_x264_24.jpg,320x240
/media/sunsys-stash/datasets/cs230/original_video_anomaly_dataset_images_3_9_5_1e2_01_adam_64_100/Fighting015_x264_240.jpg,320x240
/media/sunsys-stash/datasets/cs230/original_video_anomaly_dataset_images_3_9_5_1e2_01_adam_64_100/Fighting015_x264_241.jpg,320x240
/media/sunsys-stash/datasets/cs230/original_video_anomaly_dataset_images_3_9_5_1e2_01_adam_64_100/Fighting015_x264_244.jpg,320x240
/media/sunsys-stash/datasets/cs230/original_video_anomaly_dataset_images_3_9_5_1e2_01_adam_64_100/Fighting015_x264_248.jpg,320x240
/media/sunsys-stash/datasets/cs230/original_video_anomaly_dataset_images_3_9_5_1e2_01_adam_64_100/Fighting015_x264_250.jpg,320x240
/media/sunsys-stash/datasets/cs230/original_video_anomaly_dataset_images_3_9_5_1e2_01_adam_64_100/Fighting015_x264_251.jpg,320x240
/media/sunsys-stash/datasets/cs230/original_video_anomaly_dataset_images_3_9_5_1e2_01_adam_64_100/Fighting015_x264_255.jpg,320x240
/media/sunsys-stash/datasets/cs230/original_video_anomaly_dataset_images_3_9_5_1e2_01_adam_64_100/Fighting015_x264_259.jpg,320x240
/media/sunsys-stash/datasets/cs230/original_video_anomaly_dataset_images_3_9_5_1e2_01_adam_64_100/Fighting015_x264_260.jpg,320x240
/media/sunsys-stash/datasets/cs230/original_video_anomaly_dataset_images_3_9_5_1e2_01_adam_64_100/Fighting015_x264_262.jpg,320x240
/media/sunsys-stash/datasets/cs230/original_video_anomaly_dataset_images_3_9_5_1e2_01_adam_64_100/Fighting015_x264_268.jpg,320x240
/media/sunsys-stash/datasets/cs230/original_video_anomaly_dataset_images_3_9_5_1e2_01_adam_64_100/Fighting015_x264_269.jpg,320x240
/media/sunsys-stash/datasets/cs230/original_video_anomaly_dataset_images_3_9_5_1e2_01_adam_64_100/Fighting015_x264_27.jpg,320x240
/media/sunsys-stash/datasets/cs230/original_video_anomaly_dataset_images_3_9_5_1e2_01_adam_64_100/Fighting015_x264_270.jpg,320x240
/media/sunsys-stash/datasets/cs230/original_video_anomaly_dataset_images_3_9_5_1e2_01_adam_64_100/Fighting015_x264_272.jpg,320x240
/media/sunsys-stash/datasets/cs230/original_video_anomaly_dataset_images_3_9_5_1e2_01_adam_64_100/Fighting015_x264_278.jpg,320x240
/media/sunsys-stash/datasets/cs230/original_video_anomaly_dataset_images_3_9_5_1e2_01_adam_64_100/Fighting015_x264_282.jpg,320x240
/media/sunsys-stash/datasets/cs230/original_video_anomaly_dataset_images_3_9_5_1e2_01_adam_64_100/Fighting015_x264_283.jpg,320x240
/media/sunsys-stash/datasets/cs230/original_video_anomaly_dataset_images_3_9_5_1e2_01_adam_64_100/Fighting015_x264_288.jpg,320x240
/media/sunsys-stash/datasets/cs230/original_video_anomaly_dataset_images_3_9_5_1e2_01_adam_64_100/Fighting015_x264_295.jpg,320x240
/media/sunsys-stash/datasets/cs230/original_video_anomaly_dataset_images_3_9_5_1e2_01_adam_64_100/Fighting015_x264_299.jpg,320x240
/media/sunsys-stash/datasets/cs230/original_video_anomaly_dataset_images_3_9_5_1e2_01_adam_64_100/Fighting015_x264_30.jpg,320x240
/media/sunsys-stash/datasets/cs230/original_video_anomaly_dataset_images_3_9_5_1e2_01_adam_64_100/Fighting015_x264_300.jpg,320x240
/media/sunsys-stash/datasets/cs230/original_video_anomaly_dataset_images_3_9_5_1e2_01_adam_64_100/Fighting015_x264_301.jpg,320x240
/media/sunsys-stash/datasets/cs230/original_video_anomaly_dataset_images_3_9_5_1e2_01_adam_64_100/Fighting015_x264_307.jpg,320x240
/media/sunsys-stash/datasets/cs230/original_video_anomaly_dataset_images_3_9_5_1e2_01_adam_64_100/Fighting015_x264_311.jpg,320x240
/media/sunsys-stash/datasets/cs230/original_video_anomaly_dataset_images_3_9_5_1e2_01_adam_64_100/Fighting015_x264_312.jpg,320x240
/media/sunsys-stash/datasets/cs230/original_video_anomaly_dataset_images_3_9_5_1e2_01_adam_64_100/Fighting015_x264_313.jpg,320x240
/media/sunsys-stash/datasets/cs230/original_video_anomaly_dataset_images_3_9_5_1e2_01_adam_64_100/Fighting015_x264_314.jpg,320x240
/media/sunsys-stash/datasets/cs230/original_video_anomaly_dataset_images_3_9_5_1e2_01_adam_64_100/Fighting015_x264_319.jpg,320x240
/media/sunsys-stash/datasets/cs230/original_video_anomaly_dataset_images_3_9_5_1e2_01_adam_64_100/Fighting015_x264_323.jpg,320x240
/media/sunsys-stash/datasets/cs230/original_video_anomaly_dataset_images_3_9_5_1e2_01_adam_64_100/Fighting015_x264_327.jpg,320x240
/media/sunsys-stash/datasets/cs230/original_video_anomaly_dataset_images_3_9_5_1e2_01_adam_64_100/Fighting015_x264_331.jpg,320x240
/media/sunsys-stash/datasets/cs230/original_video_anomaly_dataset_images_3_9_5_1e2_01_adam_64_100/Fighting015_x264_40.jpg,320x240
/media/sunsys-stash/datasets/cs230/original_video_anomaly_dataset_images_3_9_5_1e2_01_adam_64_100/Fighting015_x264_41.jpg,320x240
/media/sunsys-stash/datasets/cs230/original_video_anomaly_dataset_images_3_9_5_1e2_01_adam_64_100/Fighting015_x264_46.jpg,320x240
/media/sunsys-stash/datasets/cs230/original_video_anomaly_dataset_images_3_9_5_1e2_01_adam_64_100/Fighting015_x264_48.jpg,320x240
/media/sunsys-stash/datasets/cs230/original_video_anomaly_dataset_images_3_9_5_1e2_01_adam_64_100/Fighting015_x264_49.jpg,320x240
/media/sunsys-stash/datasets/cs230/original_video_anomaly_dataset_images_3_9_5_1e2_01_adam_64_100/Fighting015_x264_5.jpg,320x240
/media/sunsys-stash/datasets/cs230/original_video_anomaly_dataset_images_3_9_5_1e2_01_adam_64_100/Fighting015_x264_54.jpg,320x240
/media/sunsys-stash/datasets/cs230/original_video_anomaly_dataset_images_3_9_5_1e2_01_adam_64_100/Fighting015_x264_56.jpg,320x240
/media/sunsys-stash/datasets/cs230/original_video_anomaly_dataset_images_3_9_5_1e2_01_adam_64_100/Fighting015_x264_61.jpg,320x240
/media/sunsys-stash/datasets/cs230/original_video_anomaly_dataset_images_3_9_5_1e2_01_adam_64_100/Fighting015_x264_63.jpg,320x240
/media/sunsys-stash/datasets/cs230/original_video_anomaly_dataset_images_3_9_5_1e2_01_adam_64_100/Fighting015_x264_66.jpg,320x240
/media/sunsys-stash/datasets/cs230/original_video_anomaly_dataset_images_3_9_5_1e2_01_adam_64_100/Fighting015_x264_67.jpg,320x240
/media/sunsys-stash/datasets/cs230/original_video_anomaly_dataset_images_3_9_5_1e2_01_adam_64_100/Fighting015_x264_71.jpg,320x240
/media/sunsys-stash/datasets/cs230/original_video_anomaly_dataset_images_3_9_5_1e2_01_adam_64_100/Fighting015_x264_83.jpg,320x240
/media/sunsys-stash/datasets/cs230/original_video_anomaly_dataset_images_3_9_5_1e2_01_adam_64_100/Fighting015_x264_87.jpg,320x240
/media/sunsys-stash/datasets/cs230/original_video_anomaly_dataset_images_3_9_5_1e2_01_adam_64_100/Fighting031_x264_1.jpg,320x240
/media/sunsys-stash/datasets/cs230/original_video_anomaly_dataset_images_3_9_5_1e2_01_adam_64_100/Fighting031_x264_102.jpg,320x240
/media/sunsys-stash/datasets/cs230/original_video_anomaly_dataset_images_3_9_5_1e2_01_adam_64_100/Fighting031_x264_107.jpg,320x240
/media/sunsys-stash/datasets/cs230/original_video_anomaly_dataset_images_3_9_5_1e2_01_adam_64_100/Fighting031_x264_108.jpg,320x240
/media/sunsys-stash/datasets/cs230/original_video_anomaly_dataset_images_3_9_5_1e2_01_adam_64_100/Fighting031_x264_109.jpg,320x240
/media/sunsys-stash/datasets/cs230/original_video_anomaly_dataset_images_3_9_5_1e2_01_adam_64_100/Fighting031_x264_11.jpg,320x240
/media/sunsys-stash/datasets/cs230/original_video_anomaly_dataset_images_3_9_5_1e2_01_adam_64_100/Fighting031_x264_111.jpg,320x240
/media/sunsys-stash/datasets/cs230/original_video_anomaly_dataset_images_3_9_5_1e2_01_adam_64_100/Fighting031_x264_112.jpg,320x240
/media/sunsys-stash/datasets/cs230/original_video_anomaly_dataset_images_3_9_5_1e2_01_adam_64_100/Fighting031_x264_114.jpg,320x240
/media/sunsys-stash/datasets/cs230/original_video_anomaly_dataset_images_3_9_5_1e2_01_adam_64_100/Fighting031_x264_120.jpg,320x240
/media/sunsys-stash/datasets/cs230/original_video_anomaly_dataset_images_3_9_5_1e2_01_adam_64_100/Fighting031_x264_121.jpg,320x240
/media/sunsys-stash/datasets/cs230/original_video_anomaly_dataset_images_3_9_5_1e2_01_adam_64_100/Fighting031_x264_127.jpg,320x240
/media/sunsys-stash/datasets/cs230/original_video_anomaly_dataset_images_3_9_5_1e2_01_adam_64_100/Fighting031_x264_129.jpg,320x240
/media/sunsys-stash/datasets/cs230/original_video_anomaly_dataset_images_3_9_5_1e2_01_adam_64_100/Fighting031_x264_13.jpg,320x240
/media/sunsys-stash/datasets/cs230/original_video_anomaly_dataset_images_3_9_5_1e2_01_adam_64_100/Fighting031_x264_133.jpg,320x240
/media/sunsys-stash/datasets/cs230/original_video_anomaly_dataset_images_3_9_5_1e2_01_adam_64_100/Fighting031_x264_137.jpg,320x240
/media/sunsys-stash/datasets/cs230/original_video_anomaly_dataset_images_3_9_5_1e2_01_adam_64_100/Fighting031_x264_146.jpg,320x240
/media/sunsys-stash/datasets/cs230/original_video_anomaly_dataset_images_3_9_5_1e2_01_adam_64_100/Fighting031_x264_147.jpg,320x240
/media/sunsys-stash/datasets/cs230/original_video_anomaly_dataset_images_3_9_5_1e2_01_adam_64_100/Fighting031_x264_148.jpg,320x240
/media/sunsys-stash/datasets/cs230/original_video_anomaly_dataset_images_3_9_5_1e2_01_adam_64_100/Fighting031_x264_150.jpg,320x240
/media/sunsys-stash/datasets/cs230/original_video_anomaly_dataset_images_3_9_5_1e2_01_adam_64_100/Fighting031_x264_155.jpg,320x240
/media/sunsys-stash/datasets/cs230/original_video_anomaly_dataset_images_3_9_5_1e2_01_adam_64_100/Fighting031_x264_156.jpg,320x240
/media/sunsys-stash/datasets/cs230/original_video_anomaly_dataset_images_3_9_5_1e2_01_adam_64_100/Fighting031_x264_160.jpg,320x240
/media/sunsys-stash/datasets/cs230/original_video_anomaly_dataset_images_3_9_5_1e2_01_adam_64_100/Fighting031_x264_165.jpg,320x240
/media/sunsys-stash/datasets/cs230/original_video_anomaly_dataset_images_3_9_5_1e2_01_adam_64_100/Fighting031_x264_166.jpg,320x240
/media/sunsys-stash/datasets/cs230/original_video_anomaly_dataset_images_3_9_5_1e2_01_adam_64_100/Fighting031_x264_167.jpg,320x240
/media/sunsys-stash/datasets/cs230/original_video_anomaly_dataset_images_3_9_5_1e2_01_adam_64_100/Fighting031_x264_169.jpg,320x240
/media/sunsys-stash/datasets/cs230/original_video_anomaly_dataset_images_3_9_5_1e2_01_adam_64_100/Fighting031_x264_171.jpg,320x240
/media/sunsys-stash/datasets/cs230/original_video_anomaly_dataset_images_3_9_5_1e2_01_adam_64_100/Fighting031_x264_179.jpg,320x240
/media/sunsys-stash/datasets/cs230/original_video_anomaly_dataset_images_3_9_5_1e2_01_adam_64_100/Fighting031_x264_185.jpg,320x240
/media/sunsys-stash/datasets/cs230/original_video_anomaly_dataset_images_3_9_5_1e2_01_adam_64_100/Fighting031_x264_190.jpg,320x240
/media/sunsys-stash/datasets/cs230/original_video_anomaly_dataset_images_3_9_5_1e2_01_adam_64_100/Fighting031_x264_193.jpg,320x240
/media/sunsys-stash/datasets/cs230/original_video_anomaly_dataset_images_3_9_5_1e2_01_adam_64_100/Fighting031_x264_195.jpg,320x240
/media/sunsys-stash/datasets/cs230/original_video_anomaly_dataset_images_3_9_5_1e2_01_adam_64_100/Fighting031_x264_198.jpg,320x240
/media/sunsys-stash/datasets/cs230/original_video_anomaly_dataset_images_3_9_5_1e2_01_adam_64_100/Fighting031_x264_199.jpg,320x240
/media/sunsys-stash/datasets/cs230/original_video_anomaly_dataset_images_3_9_5_1e2_01_adam_64_100/Fighting031_x264_20.jpg,320x240
/media/sunsys-stash/datasets/cs230/original_video_anomaly_dataset_images_3_9_5_1e2_01_adam_64_100/Fighting031_x264_203.jpg,320x240
/media/sunsys-stash/datasets/cs230/original_video_anomaly_dataset_images_3_9_5_1e2_01_adam_64_100/Fighting031_x264_209.jpg,320x240
/media/sunsys-stash/datasets/cs230/original_video_anomaly_dataset_images_3_9_5_1e2_01_adam_64_100/Fighting031_x264_214.jpg,320x240
/media/sunsys-stash/datasets/cs230/original_video_anomaly_dataset_images_3_9_5_1e2_01_adam_64_100/Fighting031_x264_215.jpg,320x240
/media/sunsys-stash/datasets/cs230/original_video_anomaly_dataset_images_3_9_5_1e2_01_adam_64_100/Fighting031_x264_218.jpg,320x240
/media/sunsys-stash/datasets/cs230/original_video_anomaly_dataset_images_3_9_5_1e2_01_adam_64_100/Fighting031_x264_22.jpg,320x240
/media/sunsys-stash/datasets/cs230/original_video_anomaly_dataset_images_3_9_5_1e2_01_adam_64_100/Fighting031_x264_221.jpg,320x240
/media/sunsys-stash/datasets/cs230/original_video_anomaly_dataset_images_3_9_5_1e2_01_adam_64_100/Fighting031_x264_222.jpg,320x240
/media/sunsys-stash/datasets/cs230/original_video_anomaly_dataset_images_3_9_5_1e2_01_adam_64_100/Fighting031_x264_233.jpg,320x240
/media/sunsys-stash/datasets/cs230/original_video_anomaly_dataset_images_3_9_5_1e2_01_adam_64_100/Fighting031_x264_238.jpg,320x240
/media/sunsys-stash/datasets/cs230/original_video_anomaly_dataset_images_3_9_5_1e2_01_adam_64_100/Fighting031_x264_239.jpg,320x240
/media/sunsys-stash/datasets/cs230/original_video_anomaly_dataset_images_3_9_5_1e2_01_adam_64_100/Fighting031_x264_24.jpg,320x240
/media/sunsys-stash/datasets/cs230/original_video_anomaly_dataset_images_3_9_5_1e2_01_adam_64_100/Fighting031_x264_240.jpg,320x240
/media/sunsys-stash/datasets/cs230/original_video_anomaly_dataset_images_3_9_5_1e2_01_adam_64_100/Fighting031_x264_246.jpg,320x240
/media/sunsys-stash/datasets/cs230/original_video_anomaly_dataset_images_3_9_5_1e2_01_adam_64_100/Fighting031_x264_253.jpg,320x240
/media/sunsys-stash/datasets/cs230/original_video_anomaly_dataset_images_3_9_5_1e2_01_adam_64_100/Fighting031_x264_255.jpg,320x240
/media/sunsys-stash/datasets/cs230/original_video_anomaly_dataset_images_3_9_5_1e2_01_adam_64_100/Fighting031_x264_258.jpg,320x240
/media/sunsys-stash/datasets/cs230/original_video_anomaly_dataset_images_3_9_5_1e2_01_adam_64_100/Fighting031_x264_259.jpg,320x240
/media/sunsys-stash/datasets/cs230/original_video_anomaly_dataset_images_3_9_5_1e2_01_adam_64_100/Fighting031_x264_263.jpg,320x240
/media/sunsys-stash/datasets/cs230/original_video_anomaly_dataset_images_3_9_5_1e2_01_adam_64_100/Fighting031_x264_265.jpg,320x240
/media/sunsys-stash/datasets/cs230/original_video_anomaly_dataset_images_3_9_5_1e2_01_adam_64_100/Fighting031_x264_267.jpg,320x240
/media/sunsys-stash/datasets/cs230/original_video_anomaly_dataset_images_3_9_5_1e2_01_adam_64_100/Fighting031_x264_268.jpg,320x240
/media/sunsys-stash/datasets/cs230/original_video_anomaly_dataset_images_3_9_5_1e2_01_adam_64_100/Fighting031_x264_270.jpg,320x240
/media/sunsys-stash/datasets/cs230/original_video_anomaly_dataset_images_3_9_5_1e2_01_adam_64_100/Fighting031_x264_271.jpg,320x240
/media/sunsys-stash/datasets/cs230/original_video_anomaly_dataset_images_3_9_5_1e2_01_adam_64_100/Fighting031_x264_273.jpg,320x240
/media/sunsys-stash/datasets/cs230/original_video_anomaly_dataset_images_3_9_5_1e2_01_adam_64_100/Fighting031_x264_275.jpg,320x240
/media/sunsys-stash/datasets/cs230/original_video_anomaly_dataset_images_3_9_5_1e2_01_adam_64_100/Fighting031_x264_28.jpg,320x240
/media/sunsys-stash/datasets/cs230/original_video_anomaly_dataset_images_3_9_5_1e2_01_adam_64_100/Fighting031_x264_282.jpg,320x240
/media/sunsys-stash/datasets/cs230/original_video_anomaly_dataset_images_3_9_5_1e2_01_adam_64_100/Fighting031_x264_286.jpg,320x240
/media/sunsys-stash/datasets/cs230/original_video_anomaly_dataset_images_3_9_5_1e2_01_adam_64_100/Fighting031_x264_290.jpg,320x240
/media/sunsys-stash/datasets/cs230/original_video_anomaly_dataset_images_3_9_5_1e2_01_adam_64_100/Fighting031_x264_291.jpg,320x240
/media/sunsys-stash/datasets/cs230/original_video_anomaly_dataset_images_3_9_5_1e2_01_adam_64_100/Fighting031_x264_295.jpg,320x240
/media/sunsys-stash/datasets/cs230/original_video_anomaly_dataset_images_3_9_5_1e2_01_adam_64_100/Fighting031_x264_297.jpg,320x240
/media/sunsys-stash/datasets/cs230/original_video_anomaly_dataset_images_3_9_5_1e2_01_adam_64_100/Fighting031_x264_3.jpg,320x240
/media/sunsys-stash/datasets/cs230/original_video_anomaly_dataset_images_3_9_5_1e2_01_adam_64_100/Fighting031_x264_32.jpg,320x240
/media/sunsys-stash/datasets/cs230/original_video_anomaly_dataset_images_3_9_5_1e2_01_adam_64_100/Fighting031_x264_33.jpg,320x240
/media/sunsys-stash/datasets/cs230/original_video_anomaly_dataset_images_3_9_5_1e2_01_adam_64_100/Fighting031_x264_42.jpg,320x240
/media/sunsys-stash/datasets/cs230/original_video_anomaly_dataset_images_3_9_5_1e2_01_adam_64_100/Fighting031_x264_44.jpg,320x240
/media/sunsys-stash/datasets/cs230/original_video_anomaly_dataset_images_3_9_5_1e2_01_adam_64_100/Fighting031_x264_47.jpg,320x240
/media/sunsys-stash/datasets/cs230/original_video_anomaly_dataset_images_3_9_5_1e2_01_adam_64_100/Fighting031_x264_49.jpg,320x240
/media/sunsys-stash/datasets/cs230/original_video_anomaly_dataset_images_3_9_5_1e2_01_adam_64_100/Fighting031_x264_54.jpg,320x240
/media/sunsys-stash/datasets/cs230/original_video_anomaly_dataset_images_3_9_5_1e2_01_adam_64_100/Fighting031_x264_56.jpg,320x240
/media/sunsys-stash/datasets/cs230/original_video_anomaly_dataset_images_3_9_5_1e2_01_adam_64_100/Fighting031_x264_61.jpg,320x240
/media/sunsys-stash/datasets/cs230/original_video_anomaly_dataset_images_3_9_5_1e2_01_adam_64_100/Fighting031_x264_63.jpg,320x240
/media/sunsys-stash/datasets/cs230/original_video_anomaly_dataset_images_3_9_5_1e2_01_adam_64_100/Fighting031_x264_67.jpg,320x240
/media/sunsys-stash/datasets/cs230/original_video_anomaly_dataset_images_3_9_5_1e2_01_adam_64_100/Fighting031_x264_68.jpg,320x240
/media/sunsys-stash/datasets/cs230/original_video_anomaly_dataset_images_3_9_5_1e2_01_adam_64_100/Fighting031_x264_83.jpg,320x240
/media/sunsys-stash/datasets/cs230/original_video_anomaly_dataset_images_3_9_5_1e2_01_adam_64_100/Fighting031_x264_85.jpg,320x240
/media/sunsys-stash/datasets/cs230/original_video_anomaly_dataset_images_3_9_5_1e2_01_adam_64_100/Fighting031_x264_89.jpg,320x240
/media/sunsys-stash/datasets/cs230/original_video_anomaly_dataset_images_3_9_5_1e2_01_adam_64_100/Fighting031_x264_92.jpg,320x240
/media/sunsys-stash/datasets/cs230/original_video_anomaly_dataset_images_3_9_5_1e2_01_adam_64_100/Fighting031_x264_95.jpg,320x240
/media/sunsys-stash/datasets/cs230/original_video_anomaly_dataset_images_3_9_5_1e2_01_adam_64_100/Fighting031_x264_99.jpg,320x240
/media/sunsys-stash/datasets/cs230/original_video_anomaly_dataset_images_3_9_5_1e2_01_adam_64_100/Fighting039_x264_1.jpg,320x240
/media/sunsys-stash/datasets/cs230/original_video_anomaly_dataset_images_3_9_5_1e2_01_adam_64_100/Fighting039_x264_107.jpg,320x240
/media/sunsys-stash/datasets/cs230/original_video_anomaly_dataset_images_3_9_5_1e2_01_adam_64_100/Fighting039_x264_109.jpg,320x240
/media/sunsys-stash/datasets/cs230/original_video_anomaly_dataset_images_3_9_5_1e2_01_adam_64_100/Fighting039_x264_11.jpg,320x240
/media/sunsys-stash/datasets/cs230/original_video_anomaly_dataset_images_3_9_5_1e2_01_adam_64_100/Fighting039_x264_110.jpg,320x240
/media/sunsys-stash/datasets/cs230/original_video_anomaly_dataset_images_3_9_5_1e2_01_adam_64_100/Fighting039_x264_114.jpg,320x240
/media/sunsys-stash/datasets/cs230/original_video_anomaly_dataset_images_3_9_5_1e2_01_adam_64_100/Fighting039_x264_115.jpg,320x240
/media/sunsys-stash/datasets/cs230/original_video_anomaly_dataset_images_3_9_5_1e2_01_adam_64_100/Fighting039_x264_120.jpg,320x240
/media/sunsys-stash/datasets/cs230/original_video_anomaly_dataset_images_3_9_5_1e2_01_adam_64_100/Fighting039_x264_121.jpg,320x240
/media/sunsys-stash/datasets/cs230/original_video_anomaly_dataset_images_3_9_5_1e2_01_adam_64_100/Fighting039_x264_126.jpg,320x240
/media/sunsys-stash/datasets/cs230/original_video_anomaly_dataset_images_3_9_5_1e2_01_adam_64_100/Fighting039_x264_13.jpg,320x240
/media/sunsys-stash/datasets/cs230/original_video_anomaly_dataset_images_3_9_5_1e2_01_adam_64_100/Fighting039_x264_135.jpg,320x240
/media/sunsys-stash/datasets/cs230/original_video_anomaly_dataset_images_3_9_5_1e2_01_adam_64_100/Fighting039_x264_136.jpg,320x240
/media/sunsys-stash/datasets/cs230/original_video_anomaly_dataset_images_3_9_5_1e2_01_adam_64_100/Fighting039_x264_14.jpg,320x240
/media/sunsys-stash/datasets/cs230/original_video_anomaly_dataset_images_3_9_5_1e2_01_adam_64_100/Fighting039_x264_142.jpg,320x240
/media/sunsys-stash/datasets/cs230/original_video_anomaly_dataset_images_3_9_5_1e2_01_adam_64_100/Fighting039_x264_156.jpg,320x240
/media/sunsys-stash/datasets/cs230/original_video_anomaly_dataset_images_3_9_5_1e2_01_adam_64_100/Fighting039_x264_166.jpg,320x240
/media/sunsys-stash/datasets/cs230/original_video_anomaly_dataset_images_3_9_5_1e2_01_adam_64_100/Fighting039_x264_168.jpg,320x240
/media/sunsys-stash/datasets/cs230/original_video_anomaly_dataset_images_3_9_5_1e2_01_adam_64_100/Fighting039_x264_170.jpg,320x240
/media/sunsys-stash/datasets/cs230/original_video_anomaly_dataset_images_3_9_5_1e2_01_adam_64_100/Fighting039_x264_176.jpg,320x240
/media/sunsys-stash/datasets/cs230/original_video_anomaly_dataset_images_3_9_5_1e2_01_adam_64_100/Fighting039_x264_18.jpg,320x240
/media/sunsys-stash/datasets/cs230/original_video_anomaly_dataset_images_3_9_5_1e2_01_adam_64_100/Fighting039_x264_184.jpg,320x240
/media/sunsys-stash/datasets/cs230/original_video_anomaly_dataset_images_3_9_5_1e2_01_adam_64_100/Fighting039_x264_186.jpg,320x240
/media/sunsys-stash/datasets/cs230/original_video_anomaly_dataset_images_3_9_5_1e2_01_adam_64_100/Fighting039_x264_187.jpg,320x240
/media/sunsys-stash/datasets/cs230/original_video_anomaly_dataset_images_3_9_5_1e2_01_adam_64_100/Fighting039_x264_188.jpg,320x240
/media/sunsys-stash/datasets/cs230/original_video_anomaly_dataset_images_3_9_5_1e2_01_adam_64_100/Fighting039_x264_190.jpg,320x240
/media/sunsys-stash/datasets/cs230/original_video_anomaly_dataset_images_3_9_5_1e2_01_adam_64_100/Fighting039_x264_192.jpg,320x240
/media/sunsys-stash/datasets/cs230/original_video_anomaly_dataset_images_3_9_5_1e2_01_adam_64_100/Fighting039_x264_193.jpg,320x240
/media/sunsys-stash/datasets/cs230/original_video_anomaly_dataset_images_3_9_5_1e2_01_adam_64_100/Fighting039_x264_195.jpg,320x240
/media/sunsys-stash/datasets/cs230/original_video_anomaly_dataset_images_3_9_5_1e2_01_adam_64_100/Fighting039_x264_198.jpg,320x240
/media/sunsys-stash/datasets/cs230/original_video_anomaly_dataset_images_3_9_5_1e2_01_adam_64_100/Fighting039_x264_2.jpg,320x240
/media/sunsys-stash/datasets/cs230/original_video_anomaly_dataset_images_3_9_5_1e2_01_adam_64_100/Fighting039_x264_20.jpg,320x240
/media/sunsys-stash/datasets/cs230/original_video_anomaly_dataset_images_3_9_5_1e2_01_adam_64_100/Fighting039_x264_202.jpg,320x240
/media/sunsys-stash/datasets/cs230/original_video_anomaly_dataset_images_3_9_5_1e2_01_adam_64_100/Fighting039_x264_204.jpg,320x240
/media/sunsys-stash/datasets/cs230/original_video_anomaly_dataset_images_3_9_5_1e2_01_adam_64_100/Fighting039_x264_205.jpg,320x240
/media/sunsys-stash/datasets/cs230/original_video_anomaly_dataset_images_3_9_5_1e2_01_adam_64_100/Fighting039_x264_206.jpg,320x240
/media/sunsys-stash/datasets/cs230/original_video_anomaly_dataset_images_3_9_5_1e2_01_adam_64_100/Fighting039_x264_212.jpg,320x240
/media/sunsys-stash/datasets/cs230/original_video_anomaly_dataset_images_3_9_5_1e2_01_adam_64_100/Fighting039_x264_213.jpg,320x240
/media/sunsys-stash/datasets/cs230/original_video_anomaly_dataset_images_3_9_5_1e2_01_adam_64_100/Fighting039_x264_214.jpg,320x240
/media/sunsys-stash/datasets/cs230/original_video_anomaly_dataset_images_3_9_5_1e2_01_adam_64_100/Fighting039_x264_221.jpg,320x240
/media/sunsys-stash/datasets/cs230/original_video_anomaly_dataset_images_3_9_5_1e2_01_adam_64_100/Fighting039_x264_225.jpg,320x240
/media/sunsys-stash/datasets/cs230/original_video_anomaly_dataset_images_3_9_5_1e2_01_adam_64_100/Fighting039_x264_226.jpg,320x240
/media/sunsys-stash/datasets/cs230/original_video_anomaly_dataset_images_3_9_5_1e2_01_adam_64_100/Fighting039_x264_26.jpg,320x240
/media/sunsys-stash/datasets/cs230/original_video_anomaly_dataset_images_3_9_5_1e2_01_adam_64_100/Fighting039_x264_27.jpg,320x240
/media/sunsys-stash/datasets/cs230/original_video_anomaly_dataset_images_3_9_5_1e2_01_adam_64_100/Fighting039_x264_28.jpg,320x240
/media/sunsys-stash/datasets/cs230/original_video_anomaly_dataset_images_3_9_5_1e2_01_adam_64_100/Fighting039_x264_29.jpg,320x240
/media/sunsys-stash/datasets/cs230/original_video_anomaly_dataset_images_3_9_5_1e2_01_adam_64_100/Fighting039_x264_31.jpg,320x240
/media/sunsys-stash/datasets/cs230/original_video_anomaly_dataset_images_3_9_5_1e2_01_adam_64_100/Fighting039_x264_41.jpg,320x240
/media/sunsys-stash/datasets/cs230/original_video_anomaly_dataset_images_3_9_5_1e2_01_adam_64_100/Fighting039_x264_43.jpg,320x240
/media/sunsys-stash/datasets/cs230/original_video_anomaly_dataset_images_3_9_5_1e2_01_adam_64_100/Fighting039_x264_5.jpg,320x240
/media/sunsys-stash/datasets/cs230/original_video_anomaly_dataset_images_3_9_5_1e2_01_adam_64_100/Fighting039_x264_50.jpg,320x240
/media/sunsys-stash/datasets/cs230/original_video_anomaly_dataset_images_3_9_5_1e2_01_adam_64_100/Fighting039_x264_53.jpg,320x240
/media/sunsys-stash/datasets/cs230/original_video_anomaly_dataset_images_3_9_5_1e2_01_adam_64_100/Fighting039_x264_55.jpg,320x240
/media/sunsys-stash/datasets/cs230/original_video_anomaly_dataset_images_3_9_5_1e2_01_adam_64_100/Fighting039_x264_58.jpg,320x240
/media/sunsys-stash/datasets/cs230/original_video_anomaly_dataset_images_3_9_5_1e2_01_adam_64_100/Fighting039_x264_6.jpg,320x240
/media/sunsys-stash/datasets/cs230/original_video_anomaly_dataset_images_3_9_5_1e2_01_adam_64_100/Fighting039_x264_62.jpg,320x240
/media/sunsys-stash/datasets/cs230/original_video_anomaly_dataset_images_3_9_5_1e2_01_adam_64_100/Fighting039_x264_67.jpg,320x240
/media/sunsys-stash/datasets/cs230/original_video_anomaly_dataset_images_3_9_5_1e2_01_adam_64_100/Fighting039_x264_70.jpg,320x240
/media/sunsys-stash/datasets/cs230/original_video_anomaly_dataset_images_3_9_5_1e2_01_adam_64_100/Fighting039_x264_71.jpg,320x240
/media/sunsys-stash/datasets/cs230/original_video_anomaly_dataset_images_3_9_5_1e2_01_adam_64_100/Fighting039_x264_78.jpg,320x240
/media/sunsys-stash/datasets/cs230/original_video_anomaly_dataset_images_3_9_5_1e2_01_adam_64_100/Fighting039_x264_79.jpg,320x240
/media/sunsys-stash/datasets/cs230/original_video_anomaly_dataset_images_3_9_5_1e2_01_adam_64_100/Fighting039_x264_88.jpg,320x240
/media/sunsys-stash/datasets/cs230/original_video_anomaly_dataset_images_3_9_5_1e2_01_adam_64_100/Fighting039_x264_93.jpg,320x240
/media/sunsys-stash/datasets/cs230/original_video_anomaly_dataset_images_3_9_5_1e2_01_adam_64_100/Fighting039_x264_96.jpg,320x240
/media/sunsys-stash/datasets/cs230/original_video_anomaly_dataset_images_3_9_5_1e2_01_adam_64_100/Fighting039_x264_98.jpg,320x240
/media/sunsys-stash/datasets/cs230/original_video_anomaly_dataset_images_3_9_5_1e2_01_adam_64_100/Fighting039_x264_99.jpg,320x240
/media/sunsys-stash/datasets/cs230/original_video_anomaly_dataset_images_3_9_5_1e2_01_adam_64_100/Vandalism005_x264_17.jpg,320x240
/media/sunsys-stash/datasets/cs230/original_video_anomaly_dataset_images_3_9_5_1e2_01_adam_64_100/Vandalism005_x264_18.jpg,320x240
/media/sunsys-stash/datasets/cs230/original_video_anomaly_dataset_images_3_9_5_1e2_01_adam_64_100/Vandalism005_x264_19.jpg,320x240
/media/sunsys-stash/datasets/cs230/original_video_anomaly_dataset_images_3_9_5_1e2_01_adam_64_100/Vandalism005_x264_20.jpg,320x240
/media/sunsys-stash/datasets/cs230/original_video_anomaly_dataset_images_3_9_5_1e2_01_adam_64_100/Vandalism005_x264_23.jpg,320x240
/media/sunsys-stash/datasets/cs230/original_video_anomaly_dataset_images_3_9_5_1e2_01_adam_64_100/Vandalism005_x264_24.jpg,320x240
/media/sunsys-stash/datasets/cs230/original_video_anomaly_dataset_images_3_9_5_1e2_01_adam_64_100/Vandalism005_x264_32.jpg,320x240
/media/sunsys-stash/datasets/cs230/original_video_anomaly_dataset_images_3_9_5_1e2_01_adam_64_100/Vandalism005_x264_33.jpg,320x240
/media/sunsys-stash/datasets/cs230/original_video_anomaly_dataset_images_3_9_5_1e2_01_adam_64_100/Vandalism005_x264_34.jpg,320x240
/media/sunsys-stash/datasets/cs230/original_video_anomaly_dataset_images_3_9_5_1e2_01_adam_64_100/Vandalism005_x264_36.jpg,320x240
/media/sunsys-stash/datasets/cs230/original_video_anomaly_dataset_images_3_9_5_1e2_01_adam_64_100/Vandalism005_x264_42.jpg,320x240
/media/sunsys-stash/datasets/cs230/original_video_anomaly_dataset_images_3_9_5_1e2_01_adam_64_100/Vandalism005_x264_45.jpg,320x240
/media/sunsys-stash/datasets/cs230/original_video_anomaly_dataset_images_3_9_5_1e2_01_adam_64_100/Vandalism005_x264_47.jpg,320x240
/media/sunsys-stash/datasets/cs230/original_video_anomaly_dataset_images_3_9_5_1e2_01_adam_64_100/Vandalism005_x264_50.jpg,320x240
/media/sunsys-stash/datasets/cs230/original_video_anomaly_dataset_images_3_9_5_1e2_01_adam_64_100/Vandalism005_x264_52.jpg,320x240
/media/sunsys-stash/datasets/cs230/original_video_anomaly_dataset_images_3_9_5_1e2_01_adam_64_100/Vandalism005_x264_6.jpg,320x240
